Stage,sessions,conversion_rate,drop_off_rate
view,9244421,100.0,0.0
cart,573097,6.199382308529652,93.80061769147035
purchse,629560,6.810161501731693,-9.85225886717258
